Date,Product,Category,Quantity,Unit_Price,Unit_Cost
2026-01-05,Laptop,Electronics,2,1200,850
2026-01-08,Mouse,Accessories,10,25,12
2026-01-15,Keyboard,Accessories,7,60,30
2026-01-20,Monitor,Electronics,4,300,200
2026-02-03,Laptop,Electronics,3,1200,850
2026-02-10,Mouse,Accessories,15,25,12
2026-02-18,Headphones,Accessories,8,80,40
2026-02-25,Monitor,Electronics,5,300,200
2026-03-02,Laptop,Electronics,1,1200,850
2026-03-11,Keyboard,Accessories,12,60,30
2026-03-19,Headphones,Accessories,10,80,40
2026-03-27,Monitor,Electronics,6,300,200
2026-04-04,Laptop,Electronics,4,1200,850
2026-04-12,Mouse,Accessories,20,25,12
2026-04-18,Keyboard,Accessories,9,60,30
2026-04-26,Headphones,Accessories,14,80,40
2026-05-03,Monitor,Electronics,7,300,200
2026-05-10,Laptop,Electronics,2,1200,850
2026-05-17,Mouse,Accessories,18,25,12
2026-05-24,Headphones,Accessories,11,80,40